website,email,phone,location
lenovastone.com,"liz@lenovastone.com; edgar@lenovastone.com",77087,
www.marblesystems.com,,"Fax: (310) 657 2172",
www.cictops.com,cictops@gmail.com,"cictops@gmail.com
309-579-3550","Mossville, IL 61552

Cictops@gmail.com
309-579-3550"
tcfmidwest.com,info@tcfmidwest.com,,
graniteselection.com,"info@graniteselection.com; lazyload@2.0.0-rc.2",,"1410 Jarvis Ave, Elk Grove Village, IL 60007"
jwcountertops.com,yourname@example.org,"(217) 544-0876",
amfgranite.com,quotes@amfgranite.com,,
www.customcountertopcreations.com,none,,
www.builderswarehousepeoria.com,bwpeoria@yahoo.com,309-672-1760,"Peoria, IL 61602"
rayscountertopshopinc.com,yourname@example.org,,"Glenarm, IL 62536"
forestcitycountertops.com,tom@forestcitycountertops.com,,
www.maxwellcounters.com,sales@maxwellcounters.com,"(309) 928-2848
Mon-Fri 8-4:30
By Appointment",
masterscountertops.com,,847-947-8955,"363 Alice Street, Wheeling, IL 60090"
www.granitemakeover.com,none,,
countertopsstl.com,,"Phone: 618-224-9630
Fax: 618-224-9632",
www.precisionstonedesigns.com,sales@precisionstonedesigns.com,847-217-6810,"945 Lively Blvd, Elk Grove Village, IL 60007"
www.archcitygranite.com,"alexa.archcitygranite@gmail.com; markandkrisberger@gmail.com; info@archcitygranite.com",,
sprovieris.com,,,"Sprovieri’s Custom Counters
55 Laura Drive - Addison, IL 60101
Phone: 630.543.3400
Fax: 630.543.3403"
www.yelp.com,"bizoutreach@yelp.com; customersuccess@yelp.com",,
www.gemstonecountertops.com,lindsay@gemstonecountertops.com,217-214-7625,"Quincy, IL 62305"
www.owstone.com,"14370afcdc17429f9e418d5ffbd0334a@sentry.wixpress.com; wixofday@wix.com",,"Huntley, IL 60142"
countertopresource.com,info@countertopresource.com,,
usmarbleandgranite.com,quotes@usmarbleandgranite.com,217-241-2700,"3216 Brickler Road Springfield, IL 62707"
heartlandgranite.net,none,,
www.surfacesolutionsil.com,,"708-571-3449 Phone",
stoneshopinc.com,none,,
www.tremontkitchentops.com,srobbinstkt@gmail.com,,"100 N West St, Tremont, IL 61568"
pyramidtops.com,mbrandt@pyramidtops.com,"Call: (217) 342-2001","Pyramid Marble & Granite is a custom stone fabrication shop for the finest granite, quartz, marble, porcelain & more. We have been serving all of Illinois and surrounding states since 1989′. "
www.olivasgranite.com,olivasgranite@sbcglobal.net,,"Romeoville, Illinois"
www.granitetransformations.com,"marketing@trend-group.com; rsgmarketing@trend-group.com",,
www.msisurfaces.com,msiweb@msisurfaces.com.,,
www.f-w-s.net,none,,
www.factoryplaza.com,estimate@factoryplaza.com,,"Bensenville, IL 60106"
www.buchecustomcounters.com,buchecc@att.net,,"8602 S 77th Ave. Bridgeview IL 60455   |"
www.concretenetwork.com,sarah@concretenetwork.com,,
www.rockcounter.com,"sales@rockcounter.com; service@rockcounter.com; sales.in@rockcounter.com; chicago@rockcounter.com",,
signaturecountertopsil.com,,,"Orland Hills, IL 60487"
eastsidemarblegranite.com,eastsidemarble@sbcglobal.net,"(618) 451-7950","East Side Marble & Granite, Inc. • 1815 Edison Ave., Granite City, IL 62040 • (618) 451-7950"
yourgraniteguy.com,,"1(217) 753-9062","3755 N. Dirksen Parkway, Springfield, IL 62707
Monday – Friday: 9:00 AM – 5:00 PM
Saturday: 10:00 AM – 2:00 PM"
www.deucedevelopment.net,glassmaster@grics.net,,"Pekin, IL 61554"
www.glcountertops.com,"14370afcdc17429f9e418d5ffbd0334a@sentry.wixpress.com; 8c4075d5481d476e945486754f783364@sentry.io; glstone02@comcast.net; wixofday@wix.com",,
topnotchcounters.com,none,,
bocacabinets.com,contact@bocacabinets.com,773-886-4686,
www.insigniastone.com,"14370afcdc17429f9e418d5ffbd0334a@sentry.wixpress.com; wixofday@wix.com",,"New Lenox, IL 60451"
www.linkedin.com,none,,
cabinetland.net,farmercity@cabinetland.net,309-928-9721,
www.decaturcountertop.com,,,"Address: 2729 N 22nd St, Decatur, IL 62526"
masterskitchenbath.com,,,"1014 Busse Hwy, Park Ridge, IL 60068"
www.mikrondesign.com,mikrondesign@hotmail.com,847-726-3990,"705 Rose Rd, Lake Zurich, IL 60047"
chicagogranitecountertop.com,chicagogranitecompany@gmail.com,,"Elk Grove Village, IL 60007-2305"
www.stonecrafters.com,info@stonecrafters.com,,"430 W. Wegner Rd. Lakemoor, IL 60051"
selectsurfaces.net,support@selectsurfaces.net,,"Showroom
135 E Van Emmon St. Yorkville, IL 60560

Fabrication facility & selection center
9894 Franklin Ave. Franklin Park, IL 60131"
www.miraclemethod.com,sales@miraclemethod.com,,
www.moderncountertops.com,"8b4e078a51d04e0e9efdf470027f0ec1@sentry.wixpress.com; office@mctops.com",,
www.marbleandgranitetech.com,,,"LEADING FABRICATOR OF GRANITE AND QUARTZ COUNTERTOPS IN ILLINOIS"
aokcarpetcleaning.com,tim@aokchemdry.net,,
www.houzz.com,bg-info@2x.png,,
www.ttsgranite.com,,"Call Us Today: (708) 478-1402 (Mokena Showroom - CLICK HERE For Directions) or (708) 755-5200 (Steger Showroom - CLICK HERE For Directions)",
www.granitecorp.com,"14370afcdc17429f9e418d5ffbd0334a@sentry.wixpress.com; martha@granitecorp.com; sam@granitecorp.com; liz@granitecorp.com; wixofday@wix.com",,
www.thomasnet.com,,,Illinois
www.ilgranitemarble.com,info@ilgranitemarble.com,,"Elk Grove Village, IL 60007"
www.stoneedgechicago.com,stoneedge3@yahoo.com,,"Stone Edge, Marble & Granite, Inc.   |   2020 W. Hubbard Street, Chicago, IL 60612   |   312-243-4143  |  stoneedge3@yahoo.com"
www.silestoneusa.com,"gdpr@cosentino.com; cs@cosentino.com",33134,
wlstoneworks.com,cmstoneworks@sbcglobal.net,,"Chicago, IL 60609"
www.clwcountertops.com,curtis.williamson@att.net,"Phone:  (217) 636-7631","Athens, IL 62613"
cascadetops.com,"larry.g@cascadetops.com; brian.b@cascadetops.com; mike.l@cascadetops.com","<iframe style="border: 0;" src="https://www.google.com/maps/embed?pb=!1m14!1m8!1m3!1d11808.766423128223!2d-89.0851652!3d42.2744331!3m2!1i1024!2i768!4f13.1!3m3!1m2!1s0x8808be2d81ee44f3%3A0x1e7243ab138754be!2s702+N+Madison+St%2C+Rockford%2C+IL+61107!5e0!3m2!1sen!2sus!4v1414281333557" width="800" height="600" frameborder="0"></iframe>","Rockford Illinois 61107"
www.shapessupply.com,info@shapessupply.com,"(847) 749-4462   |   E-mail","Servicing Multi-Unit & Residential Renovations
3550 West Salt Creek Lane, Suite 115, Arlington Heights, Illinois.
Directions to Showroom"
www.wilsonart.com,,,Illinois
urbancountertop.com,,,"Getting In Contact: You can begin either by calling us at 773-893-5259 or filling out the online form and emailing us then one of our representatives will be getting in touch with you. Also feel free to visit our show room located at 3734 S St. Louis Ave Chicago, IL 60632. For us to best assist you either attach or bring with any pictures, diagrams, cabinet edging, cabinet color or other information that you feel will be helpful for us to best assist you."
www.formica.com,none,,
www.hickorystreetcabinets.com,hickorystcabinets@sbcglobal.net,618-667-9676,
www.mazelumber.com,andrew@mazelumber.com,,
granitecrafter.com,none,,
nicegranite.com,"hi@typemade.mx; info@nicegranite.com",,"8606 Beloit Ave, Bridgeview, Illinois 60455, United States"
www.masterbrand.com,"john.bruce@masterbrand.com; privacy@masterbrandcabinets.com",,
yourgranitedesign.com,,773-772-5300,
www.iscgranite.com,imperialscgranite@gmail.com,,"Elk Grove Village, IL 60007"
www.angi.com,homeowner@angi.com,,
tribecamarble.com,tribeca@tribecamarble.com,,"Address: 200 Amendodge Drive, Shorewood, IL 60404 Phone: (815) 609-9222"
www.bluepearlstone.com,bluepearlstone@gmail.com,,
www.euromarblesupply.com,sales@euromarbles.com,"847.233. 0700","Address:
4552 N Ruby Street, Schiller Park, IL 60176. "
www.awardcustomtops.com,awardcustomtops@gmail.com,,"Award Custom Countertops
118 Kirkland Cir # A, Oswego, IL 60543
Phone: 630 499-8677
Fax: 630 499-8683
Email: awardcustomtops@gmail.com"
www.lennyscarpet.com,lennyscarpet@sbcglobal.net,618-344-7060,
www.butcherblockchicago.com,"oneillproducts@gmail.com; info@chicagobutcherblock.com",,
www.djgraniteandmarble.com,,,"Address: 430 Kay ave, Addison IL 60101"
lifestylekitchensbaths.com,"cabinets@wilkewindow.com; kari.kalicki@wilkewindow.com; receivables@wilkewindow.com; payables@wilkewindow.com",,
www.glumber.com,glumber@glumber.com,,
artistic-countertops.com,smitha@artistic-countertops.com,"+1 (847)-979-8239","1960 Devon Ave, Elk Grove Village, IL 60007, United-states"
granitefactory.net,lars@granitefactory.net,,"* Slabs are available to see in person at Levantina in Bensenville

850 Devon Ave, Bensenville, IL 60106

630-361-6600"
timelessgraniteinc.com,none,,
www.kempercabinets.com,,,Illinois
midwest-cabinet.com,"greg@midwest-cabinet.com; irv@midwest-cabinet.com",,"You’re more than welcome to give us a call at (847) 524-0533 or come visit our showroom located at 2000 w main st suite IB, St Charles, IL 60174. No appointments needed. Our Designers are here to answer any questions and help get you started on designing your dream kitchen, bathroom, entertainment center, or any room in your home that requires cabinetry!"
bensonstone.com,sales@bensonstone.com,"Furniture – (779) 210-3490
Flooring – (779) 210-3449
Granite – (779) 210-3448
Kitchen/Bath – (779) 210-3447
Lighting – (779) 210-3444
Fireplaces – (779) 210-3439
BBQ Grills – (779) 210-3439
HearthRock Cafe – (779) 210-3432
Landscaping – (779) 210-3442
Brick & Stone – (779) 210-3479","1100 Eleventh Street | Rockford, IL 61104"
www.midweststonesales.com,sales@midweststonesales.com,,"Plainfield IL 60585"
www.normsbargainbarn.com,"nbb@wilkewindow.com; kari.kalicki@wilkewindow.com; receivables@wilkewindow.com; payables@wilkewindow.com",,
lonniesstonecrafters.com,sales@lonniesstonecrafters.com,,
www.marble-granites.com,sales@marble-granites.com,,
www.homedepot.com,"hd_investigations@homedepot.com; you@domain.com",,
ldkcountertops.com,,"(224) 220-3837",
web.extension.illinois.edu,,"Phone: 217-333-5900","Unity Community Center 632 Orlando Ave. Normal, IL 61761 (McLean County)"
www.mapquest.com,sales@mapquest.com,,Illinois
www.foxvalleybathtubrefinishing.com,none,,
designplusgranite.com,laurie@designplusgranite.com,,"6311 W. Development Dr. Peoria, IL 61614"
www.surfacesbypacific.com,sales@pacsurfaces.com,,
www.stoneworld.com,"info@stoneworld.com; dee.wakefield@deewakefield.com; schuettr@bnpmedia.com; stoneworld@omeda.com; tagg.henderson@bnpmedia.com",,
www.bbb.org,"info@austin.bbb.org; info@permianbasin.bbb.org; info@corpuschristi.bbb.org; info@bryan.bbb.org; info@waco.bbb.org; info@sanantonio.bbb.org; info@fortworth.bbb.org",,
granitecountertopschicago.com,sales@dgmstone.com.com,,"sales@dgmstone.com.com | 7334 Ridgeway Ave Skokie, IL 60076"
www.metromarble.com,dcook@metromarble.com,,
www.saukvalleygranite.com,none,,
www.craftedcountertops.com,none,,
www.midwestfabrication.com,midwestfabrication@gmail.com,"(217) 528-0571",
www.nu-tub.net,none,,
www.caesarstoneus.com,orders@caesarstoneus.com.,,
www.hullscabinetshop.com,hullscabinetshop@comcast.net,,"Located at 1310 N State Hwy 121, Mount Zion, IL 62549"
www.bbifinishes.com,,,"1624 Route 59, Naperville, IL 60564"
mygranite.com,"sales@mygranite.com; tarek@mygranite.com; omar@mygranite.com; mokenasales@mygranite.com; username@example.com","(630) 966-9666 / FAX: (630) 966-8610","850 Ridgeway Ave. Suite B, Aurora, Illinois 60506"
www.aetnabetterhealth.com,,,Illinois
www.thekitchenmaster.com,,,"The Kitchen Master is the premier kitchen & bathroom design and remodeling contractor in Naperville, Illinois. We do everything possible to make remodeling your home enjoyable from the first design chat to the final satisfaction inspection. Your kitchen, bathroom or other room renovation project will be delivered on time and on budget with an unwavering focus on quality. We will take the worry and frustration out of improving your home. Ready to start your bathroom remodel or kitchen renovation?
The Kitchen Master is the team to call."
rtgranite.com,none,,
cherrytreekitchens.com,info@cherrytreekitchens.com,,"201 Bonita Avenue Bradford, Illinois 61421"
www.thumbtack.com,"dataprivacy@thumbtack.com; support@thumbtack.com",,
www.chbuildersinc.com,tod@chbuildersinc.com,,
www.midamericagranite.com,,"(630) 771-0100",
www.lutherfalls.com,lutherfalls@lutherfalls.com,"(217) 356-4060","We offer 5% off for first responders, the Carle Foundation, OSF Hospital, and the University of Illinois employees."
vanguardtops.com,orders@vanguardtops.com,,
www.avenuemetal.com,info@avenuemetal.com,312-243-3483,
sgsspringfield.com,solidgranitesolutions@gmail.com,"(217) 523-4649","2813 North Dirksen Parkway, Springfield, IL 62702
Email: solidgranitesolutions@gmail.com"
www.onbroadwayflooringcabinets.com,none,,
aprefinishing.com,none,,
specialtymarbleandgranite.com,specialtymarblegranite@gmail.com,,"Hainesville, IL 60030"
mega-stone.com,info@mega-stone.com,,
www.dnb.com,"stdept@dnb.com; receivablequestions@dnb.com",,
www.anggranite.com,anggranite@gmail.com,,
www.menards.com,,"Request unsuccessful. Incapsula incident ID: 563000360100619681-565789906093410565",
prairiesalescompany.com,none,,
www.bbformica.com,bbformica@sbcglobal.net,,"5617 W. Grand Ave Chicago, IL 60639 "
stone-emporium.com,office@stone-emporium.com,"312 532 8111",
www.arthurcountertop.com,customerservice@arthurcountertop.com,"Phone: (217)543-4060","Arthur, IL 61911"
www.housebeautiful.com,"house.beautiful@hearst.co.uk; housebeautifuldigitalteam@hearst.co.uk; 2db1fe908c734593b15029361071c2a4@sentry.io",,
www.sirgroutchicago.com,,"(773) 661-6761",
en.wikipedia.org,none,,
www.stonetrendsllc.com,,,Illinois
myaffordableinteriors.com,info@myaffordableinteriors.com,,
www.remodelersmart.com,info@remodelersmart.com,,
thedesignstudiobreese.com,designstudio@thedesignstudiobreese.com,,
www.totalkitchenbath.com,info@totalstonesolutions.com,,
www.jrcountertops.com,,708-858-9692,
www.themidwestkitchendepot.com,"midwestkitchen.sales@gmail.com; w.midwestkitchen@gmail.com; joemidwestkitchen@gmail.com",,
www.daltile.com,none,,
www.quartzmasters.com,info@quartzmasters.com,,
thehorizongroupinc.com,none,,
1soliddesigns.com,eben@eyebytes.com,,"500 Park Avenue #108, Lake Villa, Illinois 60046"
www.ccbrefinishing.com,customersevice@ccbrefinishing.com,"Question? Call us today at 630-890-5998 or 630-664-8481, or leave a comment and we’ll respond within 24 hours. Ready to get started. We’ll provide a free estimate for your refinishing project.","Batavia, IL 60510"
www.kitchenaid.com,dummy@dummy.com,,
www.verifone.com,bg-info@2x.png,,
www.nytimes.com,"nytnews@nytimes.com; nytcorpteam@nytimes.com; edu@nytimes.com",,
www.shopstudio41.com,none,,
www.abt.com,,,"© Copyright 1997-2021, Abt Electronics Inc. 1200 N. Milwaukee, Glenview, IL 60025"
www.lowes.com,searchbar@1.41.2,,
www.florim.com,none,,
www.naperville.il.us,,"If you prefer to call, a customer service representative can be reached during business hours by dialing (630) 420-6059. To report power outages during non-business hours, please call City Dispatch at (630) 420-6187.","© 2021 City of Naperville, Illinois.
All Rights Reserved."
www.aamericanflooring.com,contact@ytcvn.com,"Phone
 (847) 966-0500",
www.stonesource.com,none,,
www.kitchenandbathmart.net,info@kbmart.net,,"Palatine, IL 60067"
www.baersupply.com,none,,
www.quikrete.com,username@example.com,,
gistone.com,info@gistone.com,,
www.locations.californiaclosets.com,customer-service@calclosets.com,,Illinois
lewisfloorandhome.com,info@lewisfloorandhome.com,,
www.richelieu.com,,,"Illinois "
www.midwaydisplays.com,"sales@midwaydisplays.com; sales@midwaydisplays.com.",708.563.2323,
www.prosourcewholesale.com,none,,
bnqv.lenozzemagazine.it,info@biogazelle.com,,
patch.com,"suggest@patch.com; partnerships@patch.com",,
www.crestwoodcustomcabinets.com,dkercabnut14@gmail.com,,
kitchensolvers.com,info@kitchensolvers.com,,
www.roomandboard.com,shop@roomandboard.com,,
www.apartments.com,"advertise@apartments.com; support@apartments.com; billing@apartments.com",,
www.elmwoodreclaimedtimber.com,logo-dark@2x.png,"Fax (816) 779 7307",
newsotime.com,contact@newsotime.com,,
newageproducts.com,"support@newageproducts.com; email@gmail.com",,
www.lennar.com,none,,
www.lg.com,"comm.display@lge.com; cac.info@lge.com; cac.svc@lge.com",,
www.gmlighting.net,"rgerber@gmlighting.net; agloster@gmlighting.net; tforbush@gmlighting.net; sceseretti@gmlighting.net; scuttrell@gmlighting.net; dziegler@gmlighting.net; barbw@gmlighting.net; rstellar@gmlighting.net; jdulian@gmlighting.net; tech@gmlighting.net; quotes@gmlighting.net; jwilkinson@gmlighting.net; szies@gmlighting.net; sales@gmlighting.net; kfuse@gmlighting.net; dschmidt@gmlighting.net; cmarquardt@gmlighting.com",,
www.closetfactory.com,none,,
www.schweighardtconcrete.com,,,"Our office is located between Madison, WI and Milwaukee, WI.  We are willing to travel anywhere in southern Wisconsin and Northern Illinois for your business"
www.flooranddecor.com,pbzzrepvny@sybbenaqqrpbe.pbz,,
www.thespruce.com,"contact@thespruce.com; press@thespruce.com; sales@thespruce.com",,
www.northriverside-il.org,none,,
sieuweb.site,none,,
rh.com,none,,
www.neolith.com,none,,
www.pantagraph.com,none,,
icestoneusa.com,"customerservice@icestoneusa.com; marketing@icestoneusa.com",,
www.sj-r.com,"sjrweb@sj-r.com; jason.piscia@sj-r.com; delivery@sj-r.com",,
www.pinterest.com,none,,
suphome.net,contactus@suphome.com,,
www.expertise.com,none,,
www.semocountertops.com,info@semocountertops.com,,"Countertops for Southeast Missouri, Southern Illinois & Western Kentucky"
granitecountertopinstallerchicago.com,none,,
www.countertopexpertsusa.com,,,"Illinois Kitchen Countertops"
www.fixr.com,"privacy@fixr.com.; spam@fixr.com.; nevadaprivacy@fixr.com; info@fixr.com",,
www.newcoriancounters.com,,,"Illinois Countertop Companies"
grayslake.kitchensolvers.com,charlie.kongkaeow@kitchensolvers.com,,"Round Lake, IL 60073"
www.galaxystonedesign.com,galaxystonedesign@yahoo.com,224-541-4055,
countertops.promatcher.com,,"77365, Porter, Texas - March 25, 2020",Illinois
newstonedesign.net,none,,
www2.illinois.gov,igmtours@illinois.gov,"General questions may be directed to 217-782-6450 or by using our Contact Form below.","State of Illinois Coronavirus Response Site"
www.heartlandcabinetry.org,,,"920 N Convent St. Bourbonnais, IL 60914-1338"
granitesolutionone.com,granitesolution@sbcglobal.net,,
graniteamerica.com,none,,
allstonetops.com,,"(847) 856-9669 • (262) 298-9231",
graniteandstoneleaders.com,graniteleaders@gmail.com,847-258-4313,"650 Chase Ave Elk Grove Village, IL 60007"
porch.com,"questions@porch.com; homeowner@porch.com; support@porch.com",,
graniteheroes.com,none,"(312) 800-1659","Naperville, IL 60540"
www.bestbuycarpets.com,none,,"1624 Route 59, Naperville, IL 60564"
www.stevesflooring-design.com,stevesflooring@sbcglobal.net,,"Morris, IL 60450"
www.yellowpages.com,businessdevelopment@thryv.com,,
stoneexact.com,none,,
granite-mountain.com,none,,"14027 Illinois Hwy New Lenox IL"
mgstonesurface.com,graczmarek129@gmail.com,,
cahillinc.com,info@cahillinc.com,,
countertopsmarionil.com,none,,"703 N Carbon Street, Marion, IL 62959"
www.acornmarble.com,info@acornmarble.com,773.533.7100,
reviews.listen360.com,"privacy@listen360.com; care@listen360.com; dpo@listen360.com",,
www.prairieprideinc.com,none,,"5137 Old Route 36, Springfield, IL 62707"
dtkstoneworks.com,"info@dtkstoneworks.com; sales@dtkstoneworks.com",,
www.psalaboratoryfurniture.com,none,,
www.kitchen-land.com,none,,"201 W High St, Edwardsville, IL 62025"
reviews.birdeye.com,none,,
www.valpak.com,none,,
www.indeed.com,none,,
www.diamondcutgranite.net,diamondcutgranite@yahoo.com,,"Streamwood, IL 60107"
www.darkstarmarble.com,none,"(312) 937-0053","Schiller Park, Illinois 60176"
www.concordcabinetsinc.com,concordcabinets@hotmail.com,217-894-6507,"Concord Cabinets & Countertops
1274 E. 2575th St., Clayton, IL 62324"
www.bosscarpetone.com,none,,"Dixon IL 61021 chevron-arrow-right"
www.stoneillusionz.com,stoneillusionz@gmail.com,,"Naperville, IL 60540"
www.eashstoneworks.com,"14370afcdc17429f9e418d5ffbd0334a@sentry.wixpress.com; eashstone@msn.com; wixofday@wix.com",,"4903 W State St Rockford, IL 61102"
www.kitchenbathandcabinetco.com,none,,"1806 Camp Dr, Champaign, IL 61821"
chicagocustomkitchens.com,none,,
www.cambriausa.com,customerservice@cambriausa.com.,,
www.granitefabricatordirect.net,info@granitefabricatordirect.net,,
s2ch.cnrs.fr,"sustainablefinanceexperiment@gmail.com; leep@univ-paris1.fr; s2ch@cnrs.fr",,
mcaj.paolodrigo.it,jj@teammayol.com,,
www.tileshop.com,none,,
www.carpetone.com,none,,Illinois
milwaukeemarble.com,info@milwaukeemarble.com,,
www.mrhandyman.com,none,,
www.cosentino.com,mkonline@cosentino.com,,
mok.pasticceriadorina.it,none,,
laticrete.com,technicalservices@laticrete.com,,
zzay.shoox.it,none,,
chicagostonecontractors.com,none,,Illinois
mvuk.flube.it,"info@lunatileandstone.co.uk; info@aeceramictile.com","Welcome to TileStoreOnline.com! Tile Store Online 21710 Lassen Street Chatsworth, CA 91311; 866-641-TILE (8453)",
www.youtube.com,none,,
jdtouchcountertops.com,touchcountertops@gmail.com,,
www.mortensonroofing.com,michael.lukis@mortensonroofing.com,"(888) 773-7306","ILLINOIS ROOFING CONTRACTOR - LIC #104-000152 • FLORIDA CERTIFIED ROOFING CONTRACTOR - LIC #CCC1326626"
www.familyhandyman.com,lora.gier@trustedmediabrands.com,,
marblegraniteslabs.com,usmarble@marblegraniteslabs.com,,
www.chicagometrostone.com,info@chicagometrostone.com,,
mgmstonefabrication.com,elisa@mgmstonefabrication.com,,
www.naturalstoneinc.net,"paul@naturalstoneinc.com; info@naturalstoneinc.com",,
www.tithoftile.com,"il-sales@tithoftile.com; wi-sales@tithoftile.com",,"Northbrook, IL 60062"
www.dmfcustomstoneworks.com,"yourpaypalemail@domain.com; sales@dmfcustomstoneworks.com",,"Gilberts, IL 60136"
www.custommarbledesign.net,info@custommarbledesign.net,"(847) 673-2156","6440 Hamlin Ave, Lincolnwood, IL 60712"
wolfstonedesign.com,contact@wsdgranite.com,,"650 Chippewa Road, Unit 1, Harvard, IL 60033"
www.stone-systems.com,info@stone-systems.com,,
www.hardrockfabricatorsinc.com,contact@hardrockfabricatorsinc.com,,
www.rockfordgranite.com,none,815-718-6001,
www.ziprecruiter.com,none,,
www.isfanow.org,none,,
www.stoneexperts.com,sales@stoneexperts.com,,
stonemasters99.com,none,,
www.stonetekdesign.com,sales@stonetekdesign.com,,
www.marbleemporiumchicago.com,inquiries@marbleemporiumchicago.com,,"2200 CARLSON DR. NORTHBROOK, IL 60062"
gmdchicago.us,gmdchicago@gmail.com,,"Schiller Park, IL 60176"
www.alexgraniteandmarble.com,"14370afcdc17429f9e418d5ffbd0334a@sentry.wixpress.com; 8c4075d5481d476e945486754f783364@sentry.io; martin@alexgraniteanmarble.com; alexgraniteandmarble@gmail.com; wixofday@wix.com",,"Oswego, IL 60543"
easystoneshop.com,info@easystoneshop.com,,
custommetalhome.com,info@custommetalhome.com,,
www.loopnet.com,none,"1217 E Preston St",
chicagostonegallery.com,sales@chicagostonegallery.com,"+1 224-595-3142","749 Winthrop Ave Addison, IL 60101"
www.corian.com,none,"Hungary: +36 30 39 67 312",
www.chicagostainlesssteel.com,info@chicagostainlesssteel.com,312-380-5520,"2743 W 36th Place Unit H Chicago, IL 60632"
www.sfistone.com,none,,
chicagoconcretestudio.com,info@chicagoconcretestudio.com,,"2154 Vermont Street, North Unit, Blue Island, IL 60406"
www.stonecogranite.com,"14370afcdc17429f9e418d5ffbd0334a@sentry.wixpress.com; ryan@stonecogranite.com; wixofday@wix.com",,"Elk Grove Village, IL 60007"
classicgraniteandmarbleil.com,"eben@eyebytes.com; aconner124@gmail.com",,
global-stoneinc.com,contact@global-stoneinc.com,,"Elk Grove Village, IL 60007"
associationdatabase.com,webmaster@oada.com,,
www.nprillinois.org,"engage@nprillinois.org; scraw1@uis.edu; nice.garcia@uis.edu","Questions: General
Phone: (217) 206-9847
Pittsfield: (866) 206-9847 toll-free
Email: engage@nprillinois.org","Park in UIS Lot B and make your way into the WUIS Building, 2340 Theodore Dreiser Lane, Springfield, IL 62703 (mapping app address)."
idlccompany.com,none,,
marble-works.com,none,,"1601 N La Fox St, South Elgin, IL 60177
847-742-9222"
www.tristategranitetops.com,none,,
www.chicagograniteshop.com,info@chicagograniteshop.com,1-847-388-3720,
understargranite.com,none,"(773) 744-6306","Franklin Park, IL 60131"
www.thecountertopfactory.com,sales@thecountertopfactory.com,,
sweethomeimp.wpengine.com,"wpe-logo-h-default@3x.png; sales@wpengine.com; billing@wpengine.com","CALL +61 1800 514474
9AM–6PM AEST",
mirageaz.com,info@mirageaz.com,,
thedavanigroup.com,info@thedavanigroup.com,,
ivja.milanopark.it,none,,
www.himacscountertops.com,himacscountertops@gmail.com,,
www.materials-marketing.com,none,,
ombz.kelvinled.it,none,,
dsqc.shoppingincitta.it,none,,
bpz.ristoranteilbettolino.it,"info@ibb1974.it; info@ibb-bonomi.com; italia@ibb1974.it; sales@ibb1974.it; oem@ibb1974.it",,
www.bcstone.com,none,,
ytvg.pasticceriadolciidee.it,pasticcerialadysnc@libero.it,,
fyyd.tobiasrestaurant.it,none,,
www.amerhart.com,none,,
sgln.modica5stelle.it,none,,
www.gemathis.com,fabsales@gemathis.com,,
www.greatlakesgm.com,contact@greatlakesgm.com,,
rissco.com,info@risco-inc.com,,
chicagofabrications.com,"info@chicagofabrications.com; tyler@chicagofabrications.com; hi@beeketing.com.",,"2825 W 5th Ave, Chicago IL 60612"
midwesttile.com,"jsack@midwesttile.com; customerservice@midwesttile.com",,
